id,conversation_id,created_at,date,time,timezone,user_id,username,name,place,tweet,mentions,urls,photos,replies_count,retweets_count,likes_count,hashtags,cashtags,link,retweet,quote_url,video,near,geo,source,user_rt_id,user_rt,retweet_id,reply_to,retweet_date,translate,trans_src,trans_dest
1240037696157835264,1240037696157835264,1584483000000,2020-03-17,19:10:00,-03,71543713,eluniversalctg,El Universal,,"#Regional En la Gobernaci√≥n instalaron el Puesto de Mando Unificado y un call center, para el monitoreo en cuanto a prevenci√≥n y contenci√≥n del coronavirus.
 https://www.eluniversal.com.co/regional/en-sucre-gobernador-decreta-emergencia-sanitaria-y-toque-de-queda-LY2562805¬†‚Ä¶",[],['https://www.eluniversal.com.co/regional/en-sucre-gobernador-decreta-emergencia-sanitaria-y-toque-de-queda-LY2562805'],[],0,0,1,['#regional'],[],https://twitter.com/ElUniversalCtg/status/1240037696157835264,False,,0,,,,,,,"[{'user_id': '71543713', 'username': 'ElUniversalCtg'}]",,,,
1239990414326804482,1239990414326804482,1584471727000,2020-03-17,16:02:07,-03,71543713,eluniversalctg,El Universal,,"La medida se tom√≥ para evitar la propagaci√≥n del coronavirus, teniendo en cuenta la interacci√≥n de los trabajadores de las cabinas y los conductores.
 https://www.eluniversal.com.co/cartagena/concesion-vial-suspende-cobro-de-peajes-en-cartagena-CY2562631¬†‚Ä¶ pic.twitter.com/GwZFEcVIlz",[],['https://www.eluniversal.com.co/cartagena/concesion-vial-suspende-cobro-de-peajes-en-cartagena-CY2562631'],['https://pbs.twimg.com/media/ETVUn1FXkAMZKoL.jpg'],4,25,56,[],[],https://twitter.com/ElUniversalCtg/status/1239990414326804482,False,,0,,,,,,,"[{'user_id': '71543713', 'username': 'ElUniversalCtg'}]",,,,
1239924660231421958,1239924660231421958,1584456050000,2020-03-17,11:40:50,-03,71543713,eluniversalctg,El Universal,,Los ejercicios que puedes hacer en casa en tiempos de coronavirus  http://www.eluniversal.com.co/salud/los-ejercicios-que-puedes-hacer-en-casa-en-tiempos-de-coronavirus-YH2559450¬†‚Ä¶,[],['http://www.eluniversal.com.co/salud/los-ejercicios-que-puedes-hacer-en-casa-en-tiempos-de-coronavirus-YH2559450'],[],0,1,2,[],[],https://twitter.com/ElUniversalCtg/status/1239924660231421958,False,,0,,,,,,,"[{'user_id': '71543713', 'username': 'ElUniversalCtg'}]",,,,
1239924483152064512,1239924483152064512,1584456008000,2020-03-17,11:40:08,-03,71543713,eluniversalctg,El Universal,,"Dos hombres, primeros casos de coronavirus en Barranquilla  http://www.eluniversal.com.co/regional/atlantico/dos-hombres-primeros-casos-de-coronavirus-en-barranquilla-GA2561822¬†‚Ä¶",[],['http://www.eluniversal.com.co/regional/atlantico/dos-hombres-primeros-casos-de-coronavirus-en-barranquilla-GA2561822'],[],0,1,2,[],[],https://twitter.com/ElUniversalCtg/status/1239924483152064512,False,,0,,,,,,,"[{'user_id': '71543713', 'username': 'ElUniversalCtg'}]",,,,
1239924337106444295,1239924337106444295,1584455973000,2020-03-17,11:39:33,-03,71543713,eluniversalctg,El Universal,,Copa Am√©rica tambi√©n ser√≠a aplazada por el coronavirus  http://www.eluniversal.com.co/deportes/copa-america-tambien-seria-aplazada-por-el-coronavirus-XA2561725¬†‚Ä¶,[],['http://www.eluniversal.com.co/deportes/copa-america-tambien-seria-aplazada-por-el-coronavirus-XA2561725'],[],0,0,2,[],[],https://twitter.com/ElUniversalCtg/status/1239924337106444295,False,,0,,,,,,,"[{'user_id': '71543713', 'username': 'ElUniversalCtg'}]",,,,
1239924300855025664,1239924300855025664,1584455964000,2020-03-17,11:39:24,-03,71543713,eluniversalctg,El Universal,,"Cabe resaltar que el caso que se viraliz√≥ ayer, sobre una mujer que viaj√≥ con coronavirus desde Bogot√° hasta Barranquilla, ten√≠a s√≠ntomas gripales pero a√∫n no ha dado positivo de COVID-19.  http://www.eluniversal.com.co/regional/atlantico/dos-hombres-primeros-casos-de-coronavirus-en-barranquilla-GA2561822¬†‚Ä¶",[],['http://www.eluniversal.com.co/regional/atlantico/dos-hombres-primeros-casos-de-coronavirus-en-barranquilla-GA2561822'],[],0,2,9,[],[],https://twitter.com/ElUniversalCtg/status/1239924300855025664,False,,0,,,,,,,"[{'user_id': '71543713', 'username': 'ElUniversalCtg'}]",,,,
1239885542487216128,1239885542487216128,1584446723000,2020-03-17,09:05:23,-03,71543713,eluniversalctg,El Universal,,‚ÄúSin pasajeros no hay tarifa‚Äù: dicen taxistas ante brote de coronavirus  http://www.eluniversal.com.co/cartagena/sin-pasajeros-no-hay-tarifa-dicen-taxistas-ante-brote-de-coronavirus-GB2560686¬†‚Ä¶,[],['http://www.eluniversal.com.co/cartagena/sin-pasajeros-no-hay-tarifa-dicen-taxistas-ante-brote-de-coronavirus-GB2560686'],[],0,0,3,[],[],https://twitter.com/ElUniversalCtg/status/1239885542487216128,False,,0,,,,,,,"[{'user_id': '71543713', 'username': 'ElUniversalCtg'}]",,,,
1239884468674068480,1239884468674068480,1584446467000,2020-03-17,09:01:07,-03,71543713,eluniversalctg,El Universal,,"Cartagena, sin deporte por prevenci√≥n al coronavirus  http://www.eluniversal.com.co/deportes/cartagena-sin-deporte-por-prevencion-al-coronavirus-XB2560257¬†‚Ä¶",[],['http://www.eluniversal.com.co/deportes/cartagena-sin-deporte-por-prevencion-al-coronavirus-XB2560257'],[],0,1,6,[],[],https://twitter.com/ElUniversalCtg/status/1239884468674068480,False,,0,,,,,,,"[{'user_id': '71543713', 'username': 'ElUniversalCtg'}]",,,,
1239884273353662465,1239884273353662465,1584446421000,2020-03-17,09:00:21,-03,71543713,eluniversalctg,El Universal,,"Siete departamentos, en toque de queda contra el coronavirus  http://www.eluniversal.com.co/colombia/siete-departamentos-en-toque-de-queda-contra-el-coronavirus-MA2561493¬†‚Ä¶",[],['http://www.eluniversal.com.co/colombia/siete-departamentos-en-toque-de-queda-contra-el-coronavirus-MA2561493'],[],0,1,6,[],[],https://twitter.com/ElUniversalCtg/status/1239884273353662465,False,,0,,,,,,,"[{'user_id': '71543713', 'username': 'ElUniversalCtg'}]",,,,
1239781778522550272,1239781778522550272,1584421984000,2020-03-17,02:13:04,-03,71543713,eluniversalctg,El Universal,,En fotos: arranc√≥ el toque de queda en el Centro Hist√≥rico por coronavirus  http://www.eluniversal.com.co/multimedia/galerias-de-fotos/en-fotos-arranco-el-toque-de-queda-en-el-centro-historico-por-coronavirus-CA2561411¬†‚Ä¶,[],['http://www.eluniversal.com.co/multimedia/galerias-de-fotos/en-fotos-arranco-el-toque-de-queda-en-el-centro-historico-por-coronavirus-CA2561411'],[],1,9,23,[],[],https://twitter.com/ElUniversalCtg/status/1239781778522550272,False,,0,,,,,,,"[{'user_id': '71543713', 'username': 'ElUniversalCtg'}]",,,,
1239740739963064320,1239740739963064320,1584412200000,2020-03-16,23:30:00,-03,71543713,eluniversalctg,El Universal,,"#Colombia Iglesia Cat√≥lica suspende misas de los domingos por el coronavirus
 https://www.eluniversal.com.co/colombia/iglesia-catolica-suspende-misas-de-los-domingos-por-el-coronavirus-GB2560190¬†‚Ä¶",[],['https://www.eluniversal.com.co/colombia/iglesia-catolica-suspende-misas-de-los-domingos-por-el-coronavirus-GB2560190'],[],2,4,7,['#colombia'],[],https://twitter.com/ElUniversalCtg/status/1239740739963064320,False,,0,,,,,,,"[{'user_id': '71543713', 'username': 'ElUniversalCtg'}]",,,,
1239738223087230977,1239738223087230977,1584411600000,2020-03-16,23:20:00,-03,71543713,eluniversalctg,El Universal,,"As√≠ lo anunci√≥ el ministro de Salud Fernando Ruiz G√≥mez frente a la emergencia por el coronavirus. 
 https://www.eluniversal.com.co/colombia/minsalud-ordena-restricciones-a-eventos-con-un-aforo-de-50-personas-LH2559287¬†‚Ä¶",[],['https://www.eluniversal.com.co/colombia/minsalud-ordena-restricciones-a-eventos-con-un-aforo-de-50-personas-LH2559287'],[],0,1,2,[],[],https://twitter.com/ElUniversalCtg/status/1239738223087230977,False,,0,,,,,,,"[{'user_id': '71543713', 'username': 'ElUniversalCtg'}]",,,,
1239717306739105794,1239717306739105794,1584406613000,2020-03-16,21:56:53,-03,71543713,eluniversalctg,El Universal,,Minsalud eleva a 57 el n√∫mero de casos confirmados de coronavirus en el pa√≠s  http://www.eluniversal.com.co/colombia/minsalud-eleva-a-57-el-numero-de-casos-confirmados-de-coronavirus-en-el-pais-BB2560524¬†‚Ä¶,[],['http://www.eluniversal.com.co/colombia/minsalud-eleva-a-57-el-numero-de-casos-confirmados-de-coronavirus-en-el-pais-BB2560524'],[],0,0,3,[],[],https://twitter.com/ElUniversalCtg/status/1239717306739105794,False,,0,,,,,,,"[{'user_id': '71543713', 'username': 'ElUniversalCtg'}]",,,,
1239706501033463809,1239706501033463809,1584404037000,2020-03-16,21:13:57,-03,71543713,eluniversalctg,El Universal,,"#Cartagena Este es el √∫ltimo reporte entregado por el director del DADIS sobre los casos de coronavirus en la ciudad. 
 https://www.eluniversal.com.co/cartagena/no-hay-mas-casos-de-coronavirus-de-cartagena-dadis-LB2560379¬†‚Ä¶",[],['https://www.eluniversal.com.co/cartagena/no-hay-mas-casos-de-coronavirus-de-cartagena-dadis-LB2560379'],[],0,2,1,['#cartagena'],[],https://twitter.com/ElUniversalCtg/status/1239706501033463809,False,,0,,,,,,,"[{'user_id': '71543713', 'username': 'ElUniversalCtg'}]",,,,
1239706451075043328,1239706451075043328,1584404025000,2020-03-16,21:13:45,-03,71543713,eluniversalctg,El Universal,,‚ÄúNo hay m√°s casos de coronavirus en Cartagena‚Äù: DADIS  http://www.eluniversal.com.co/cartagena/no-hay-mas-casos-de-coronavirus-de-cartagena-dadis-LB2560379¬†‚Ä¶,[],['http://www.eluniversal.com.co/cartagena/no-hay-mas-casos-de-coronavirus-de-cartagena-dadis-LB2560379'],[],3,0,4,[],[],https://twitter.com/ElUniversalCtg/status/1239706451075043328,False,,0,,,,,,,"[{'user_id': '71543713', 'username': 'ElUniversalCtg'}]",,,,
1239705833912631297,1239705833912631297,1584403878000,2020-03-16,21:11:18,-03,71543713,eluniversalctg,El Universal,,‚ÄúNo hay m√°s casos de coronavirus de Cartagena‚Äù: DADIS  http://www.eluniversal.com.co/cartagena/no-hay-mas-casos-de-coronavirus-de-cartagena-dadis-LB2560379¬†‚Ä¶,[],['http://www.eluniversal.com.co/cartagena/no-hay-mas-casos-de-coronavirus-de-cartagena-dadis-LB2560379'],[],9,9,33,[],[],https://twitter.com/ElUniversalCtg/status/1239705833912631297,False,,0,,,,,,,"[{'user_id': '71543713', 'username': 'ElUniversalCtg'}]",,,,
1239705507339702273,1239705507339702273,1584403800000,2020-03-16,21:10:00,-03,71543713,eluniversalctg,El Universal,,"#Far√°ndula El actor brit√°nico de pel√≠culas como ‚ÄòVengadores: Infinity War‚Äô, tambi√©n dio positivo por coronavirus.
 https://www.eluniversal.com.co/farandula/el-actor-idris-elba-da-positivo-por-coronavirus-KH2559804¬†‚Ä¶",[],['https://www.eluniversal.com.co/farandula/el-actor-idris-elba-da-positivo-por-coronavirus-KH2559804'],[],0,0,3,['#far√°ndula'],[],https://twitter.com/ElUniversalCtg/status/1239705507339702273,False,,0,,,,,,,"[{'user_id': '71543713', 'username': 'ElUniversalCtg'}]",,,,
1239701874602803207,1239701874602803207,1584402934000,2020-03-16,20:55:34,-03,71543713,eluniversalctg,El Universal,,Iglesia Cat√≥lica suspende misas de los domingos por el coronavirus  http://www.eluniversal.com.co/colombia/iglesia-catolica-suspende-misas-de-los-domingos-por-el-coronavirus-GB2560190¬†‚Ä¶ v√≠a @ElUniversalCtg,['eluniversalctg'],['http://www.eluniversal.com.co/colombia/iglesia-catolica-suspende-misas-de-los-domingos-por-el-coronavirus-GB2560190'],[],0,3,13,[],[],https://twitter.com/ElUniversalCtg/status/1239701874602803207,False,,0,,,,,,,"[{'user_id': '71543713', 'username': 'ElUniversalCtg'}]",,,,
1239701687004278790,1239701687004278790,1584402889000,2020-03-16,20:54:49,-03,71543713,eluniversalctg,El Universal,,"#QuedateEnLaCasa La lecci√≥n del coronavirus: O remamos juntos, o nos hundimos todos  http://www.eluniversal.com.co/mundo/la-leccion-del-coronavirus-o-remamos-juntos-o-nos-hundimos-todos-EB2560240¬†‚Ä¶",[],['http://www.eluniversal.com.co/mundo/la-leccion-del-coronavirus-o-remamos-juntos-o-nos-hundimos-todos-EB2560240'],[],1,4,5,['#quedateenlacasa'],[],https://twitter.com/ElUniversalCtg/status/1239701687004278790,False,,0,,,,,,,"[{'user_id': '71543713', 'username': 'ElUniversalCtg'}]",,,,
1239692518322769920,1239692518322769920,1584400703000,2020-03-16,20:18:23,-03,71543713,eluniversalctg,El Universal,,Aumenta la venta de armas en EE.UU. por temor a efectos del coronavirus  http://www.eluniversal.com.co/mundo/aumenta-la-venta-de-armas-en-ee-uu-por-temor-a-efectos-del-coronavirus-HH2559854¬†‚Ä¶,[],['http://www.eluniversal.com.co/mundo/aumenta-la-venta-de-armas-en-ee-uu-por-temor-a-efectos-del-coronavirus-HH2559854'],[],0,1,4,[],[],https://twitter.com/ElUniversalCtg/status/1239692518322769920,False,,0,,,,,,,"[{'user_id': '71543713', 'username': 'ElUniversalCtg'}]",,,,
1239676580286337035,1239676580286337035,1584396903000,2020-03-16,19:15:03,-03,71543713,eluniversalctg,El Universal,,#Covid19Colombia Gobierno no descarta declarar conmoci√≥n nacional por coronavirus  http://www.eluniversal.com.co/colombia/gobierno-no-descarta-declarar-conmocion-nacional-por-coronavirus-NH2559582¬†‚Ä¶,[],['http://www.eluniversal.com.co/colombia/gobierno-no-descarta-declarar-conmocion-nacional-por-coronavirus-NH2559582'],[],2,7,7,['#covid19colombia'],[],https://twitter.com/ElUniversalCtg/status/1239676580286337035,False,,0,,,,,,,"[{'user_id': '71543713', 'username': 'ElUniversalCtg'}]",,,,
1239660209032888320,1239660209032888320,1584393000000,2020-03-16,18:10:00,-03,71543713,eluniversalctg,El Universal,,"#Regi√≥n El alcalde anunci√≥ la implementaci√≥n de protocolos para evitar la llegada del coronavirus a esta poblaci√≥n de los Montes de Mar√≠a.
 https://www.eluniversal.com.co/regional/bolivar/prohiben-aglomeraciones-de-mototaxistas-en-el-carmen-por-el-coronavirus-EB2553655¬†‚Ä¶",[],['https://www.eluniversal.com.co/regional/bolivar/prohiben-aglomeraciones-de-mototaxistas-en-el-carmen-por-el-coronavirus-EB2553655'],[],0,2,5,['#regi√≥n'],[],https://twitter.com/ElUniversalCtg/status/1239660209032888320,False,,0,,,,,,,"[{'user_id': '71543713', 'username': 'ElUniversalCtg'}]",,,,
1239610170637983746,1239610170637983746,1584381070000,2020-03-16,14:51:10,-03,71543713,eluniversalctg,El Universal,,#Cartagena Conoce aqu√≠ üëâ https://bit.ly/3d28Vvy¬† las medidas y prohibiciones para evitar la propagaci√≥n del coronavirus en la ciudad.  pic.twitter.com/B8l7VEeixO,[],['https://bit.ly/3d28Vvy'],['https://pbs.twimg.com/media/ETP64LQX0AAWwZu.jpg'],3,3,5,['#cartagena'],[],https://twitter.com/ElUniversalCtg/status/1239610170637983746,False,,0,,,,,,,"[{'user_id': '71543713', 'username': 'ElUniversalCtg'}]",,,,
1239561189706924033,1239561189706924033,1584369392000,2020-03-16,11:36:32,-03,71543713,eluniversalctg,El Universal,,Alcald√≠a de Bogot√° declara calamidad P√∫blica por coronavirus  http://www.eluniversal.com.co/colombia/alcaldia-de-bogota-declara-calamidad-publica-por-coronavirus-AE2556637¬†‚Ä¶,[],['http://www.eluniversal.com.co/colombia/alcaldia-de-bogota-declara-calamidad-publica-por-coronavirus-AE2556637'],[],0,0,5,[],[],https://twitter.com/ElUniversalCtg/status/1239561189706924033,False,,0,,,,,,,"[{'user_id': '71543713', 'username': 'ElUniversalCtg'}]",,,,
1239538640100917248,1239538640100917248,1584364015000,2020-03-16,10:06:55,-03,71543713,eluniversalctg,El Universal,,Espa√±a suma mil contagiados por coronavirus en un d√≠a  http://www.eluniversal.com.co/mundo/espana-suma-mil-contagiados-por-coronavirus-en-un-dia-FC2554564¬†‚Ä¶,[],['http://www.eluniversal.com.co/mundo/espana-suma-mil-contagiados-por-coronavirus-en-un-dia-FC2554564'],[],0,2,3,[],[],https://twitter.com/ElUniversalCtg/status/1239538640100917248,False,,0,,,,,,,"[{'user_id': '71543713', 'username': 'ElUniversalCtg'}]",,,,
1239538523583262720,1239538523583262720,1584363988000,2020-03-16,10:06:28,-03,71543713,eluniversalctg,El Universal,,China suaviza restricciones en Hubei por baja en el brote de coronavirus  http://www.eluniversal.com.co/mundo/china-suaviza-restricciones-en-hubei-por-baja-en-el-brote-de-coronavirus-EC2554512¬†‚Ä¶,[],['http://www.eluniversal.com.co/mundo/china-suaviza-restricciones-en-hubei-por-baja-en-el-brote-de-coronavirus-EC2554512'],[],0,3,4,[],[],https://twitter.com/ElUniversalCtg/status/1239538523583262720,False,,0,,,,,,,"[{'user_id': '71543713', 'username': 'ElUniversalCtg'}]",,,,
1239516027542781959,1239516027542781959,1584358624000,2020-03-16,08:37:04,-03,71543713,eluniversalctg,El Universal,,Prohiben aglomeraciones de mototaxistas en El Carmen por el coronavirus  http://www.eluniversal.com.co/regional/bolivar/prohiben-aglomeraciones-de-mototaxistas-en-el-carmen-por-el-coronavirus-EB2553655¬†‚Ä¶,[],['http://www.eluniversal.com.co/regional/bolivar/prohiben-aglomeraciones-de-mototaxistas-en-el-carmen-por-el-coronavirus-EB2553655'],[],0,0,8,[],[],https://twitter.com/ElUniversalCtg/status/1239516027542781959,False,,0,,,,,,,"[{'user_id': '71543713', 'username': 'ElUniversalCtg'}]",,,,
1239515141059874816,1239515141059874816,1584358413000,2020-03-16,08:33:33,-03,71543713,eluniversalctg,El Universal,,Conozca las medidas para prevenir contagios de coronavirus en Cartagena  http://www.eluniversal.com.co/cartagena/extreman-medidas-para-prevenir-contagios-de-covid-19-XC2554132¬†‚Ä¶ #quedateencasa,[],['http://www.eluniversal.com.co/cartagena/extreman-medidas-para-prevenir-contagios-de-covid-19-XC2554132'],[],1,0,4,['#quedateencasa'],[],https://twitter.com/ElUniversalCtg/status/1239515141059874816,False,,0,,,,,,,"[{'user_id': '71543713', 'username': 'ElUniversalCtg'}]",,,,
1239370240825360389,1239370240825360389,1584323866000,2020-03-15,22:57:46,-03,71543713,eluniversalctg,El Universal,,"Playas de Cartagena, cerradas para evitar contagio por coronavirus  http://www.eluniversal.com.co/cartagena/playas-de-cartagena-cerradas-para-evitar-contagio-por-coronavirus-JB2553568¬†‚Ä¶ v√≠a @ElUniversalCtg",['eluniversalctg'],['http://www.eluniversal.com.co/cartagena/playas-de-cartagena-cerradas-para-evitar-contagio-por-coronavirus-JB2553568'],[],0,43,99,[],[],https://twitter.com/ElUniversalCtg/status/1239370240825360389,False,,0,,,,,,,"[{'user_id': '71543713', 'username': 'ElUniversalCtg'}]",,,,
1239362251427020802,1239362251427020802,1584321961000,2020-03-15,22:26:01,-03,71543713,eluniversalctg,El Universal,,Minsalud: contagiados por coronavirus en Colombia suben a 45  http://www.eluniversal.com.co/colombia/minsalud-contagiados-por-coronavirus-en-colombia-suben-a-45-LB2553638¬†‚Ä¶ v√≠a @ElUniversalCtg,['eluniversalctg'],['http://www.eluniversal.com.co/colombia/minsalud-contagiados-por-coronavirus-en-colombia-suben-a-45-LB2553638'],[],1,2,10,[],[],https://twitter.com/ElUniversalCtg/status/1239362251427020802,False,,0,,,,,,,"[{'user_id': '71543713', 'username': 'ElUniversalCtg'}]",,,,
1239337652723343366,1239337652723343366,1584316096000,2020-03-15,20:48:16,-03,71543713,eluniversalctg,El Universal,,Coronavirus: toque de queda en el Centro y moto sin parrilleros 24 horas  http://www.eluniversal.com.co/cartagena/coronavirus-toque-de-queda-en-el-centro-y-moto-sin-parrilleros-24-horas-XB2553257¬†‚Ä¶ v√≠a @ElUniversalCtg,['eluniversalctg'],['http://www.eluniversal.com.co/cartagena/coronavirus-toque-de-queda-en-el-centro-y-moto-sin-parrilleros-24-horas-XB2553257'],[],10,27,90,[],[],https://twitter.com/ElUniversalCtg/status/1239337652723343366,False,,0,,,,,,,"[{'user_id': '71543713', 'username': 'ElUniversalCtg'}]",,,,
1239184605342830592,1239184605342830592,1584279607000,2020-03-15,10:40:07,-03,71543713,eluniversalctg,El Universal,,El papa celebrar√° la Semana Santa sin fieles a causa del coronavirus  http://www.eluniversal.com.co/mundo/el-papa-celebrara-la-semana-santa-sin-fieles-a-causa-del-coronavirus-FA2552061¬†‚Ä¶,[],['http://www.eluniversal.com.co/mundo/el-papa-celebrara-la-semana-santa-sin-fieles-a-causa-del-coronavirus-FA2552061'],[],0,2,7,[],[],https://twitter.com/ElUniversalCtg/status/1239184605342830592,False,,0,,,,,,,"[{'user_id': '71543713', 'username': 'ElUniversalCtg'}]",,,,
1238985764698013697,1238985764698013697,1584232200000,2020-03-14,21:30:00,-03,71543713,eluniversalctg,El Universal,,"#Colombia Duque pide a gobernadores y alcaldes trabajar para enfrentar el coronavirus
 https://www.eluniversal.com.co/colombia/duque-pide-a-gobernadores-y-alcaldes-trabajar-para-enfrentar-el-coronavirus-FX2550171¬†‚Ä¶",[],['https://www.eluniversal.com.co/colombia/duque-pide-a-gobernadores-y-alcaldes-trabajar-para-enfrentar-el-coronavirus-FX2550171'],[],0,1,2,['#colombia'],[],https://twitter.com/ElUniversalCtg/status/1238985764698013697,False,,0,,,,,,,"[{'user_id': '71543713', 'username': 'ElUniversalCtg'}]",,,,
1238976287412293634,1238976287412293634,1584229940000,2020-03-14,20:52:20,-03,71543713,eluniversalctg,El Universal,,Controlan ingreso al Centro Hist√≥rico por coronavirus  http://www.eluniversal.com.co/cartagena/controlan-ingreso-al-centro-historico-por-coronavirus-IX2550875¬†‚Ä¶,[],['http://www.eluniversal.com.co/cartagena/controlan-ingreso-al-centro-historico-por-coronavirus-IX2550875'],[],0,11,28,[],[],https://twitter.com/ElUniversalCtg/status/1238976287412293634,False,,0,,,,,,,"[{'user_id': '71543713', 'username': 'ElUniversalCtg'}]",,,,
1238951791007543301,1238951791007543301,1584224100000,2020-03-14,19:15:00,-03,71543713,eluniversalctg,El Universal,,"#Regional En Sucre intensifican medidas preventivas ante el coronavirus
 https://www.eluniversal.com.co/regional/sucre/en-sucre-intensifican-medidas-preventivas-ante-el-coronavirus-GX2550109¬†‚Ä¶",[],['https://www.eluniversal.com.co/regional/sucre/en-sucre-intensifican-medidas-preventivas-ante-el-coronavirus-GX2550109'],[],0,0,3,['#regional'],[],https://twitter.com/ElUniversalCtg/status/1238951791007543301,False,,0,,,,,,,"[{'user_id': '71543713', 'username': 'ElUniversalCtg'}]",,,,
1238933373479014400,1238933373479014400,1584219709000,2020-03-14,18:01:49,-03,71543713,eluniversalctg,El Universal,,"#Colombia Dos espa√±oles y dos franceses no acataron las recomendaciones de las autoridades por el coronavirus.
 https://www.eluniversal.com.co/colombia/expulsan-a-4-extranjeros-que-desacataron-orden-de-aislamiento-preventivo-FX2550236¬†‚Ä¶",[],['https://www.eluniversal.com.co/colombia/expulsan-a-4-extranjeros-que-desacataron-orden-de-aislamiento-preventivo-FX2550236'],[],0,0,12,['#colombia'],[],https://twitter.com/ElUniversalCtg/status/1238933373479014400,False,,0,,,,,,,"[{'user_id': '71543713', 'username': 'ElUniversalCtg'}]",,,,
1238881509358080001,1238881509358080001,1584207343000,2020-03-14,14:35:43,-03,71543713,eluniversalctg,El Universal,,#Colombia El anuncio se da luego de conocer que ya hay 22 casos casos confirmados de coronavirus en el pa√≠s. ‚û°Ô∏è  https://bit.ly/3aUC6Pf¬† pic.twitter.com/YAQT50CLED,[],['https://bit.ly/3aUC6Pf'],['https://pbs.twimg.com/media/ETFkJVTWsAQD3mS.jpg'],1,5,13,['#colombia'],[],https://twitter.com/ElUniversalCtg/status/1238881509358080001,False,,0,,,,,,,"[{'user_id': '71543713', 'username': 'ElUniversalCtg'}]",,,,
1238862452336414721,1238862452336414721,1584202800000,2020-03-14,13:20:00,-03,71543713,eluniversalctg,El Universal,,#Cartagena La cl√≠nica Medihelp dio a conocer el estado de salud de la mujer diagnosticada con coronavirus  https://www.eluniversal.com.co/cartagena/paciente-con-coronavirus-en-cartagena-se-encuentra-estable-XG2549653¬†‚Ä¶,[],['https://www.eluniversal.com.co/cartagena/paciente-con-coronavirus-en-cartagena-se-encuentra-estable-XG2549653'],[],0,1,4,['#cartagena'],[],https://twitter.com/ElUniversalCtg/status/1238862452336414721,False,,0,,,,,,,"[{'user_id': '71543713', 'username': 'ElUniversalCtg'}]",,,,
1238859935770750978,1238859935770750978,1584202200000,2020-03-14,13:10:00,-03,71543713,eluniversalctg,El Universal,,"#Mundo Varias figuras, diputados parlamentarios y responsables a nivel nacional est√°n contagiados en Ir√°n de coronavirus.
 https://www.eluniversal.com.co/mundo/muere-alto-comandante-de-la-guardia-revolucionaria-en-iran-por-covid-19-EG2549262¬†‚Ä¶",[],['https://www.eluniversal.com.co/mundo/muere-alto-comandante-de-la-guardia-revolucionaria-en-iran-por-covid-19-EG2549262'],[],0,1,0,['#mundo'],[],https://twitter.com/ElUniversalCtg/status/1238859935770750978,False,,0,,,,,,,"[{'user_id': '71543713', 'username': 'ElUniversalCtg'}]",,,,
1238852386082426881,1238852386082426881,1584200400000,2020-03-14,12:40:00,-03,71543713,eluniversalctg,El Universal,,"#B√©isbol Las Grandes Ligas tambi√©n tomaron medidas para que el coronavirus no se propague.
 https://www.eluniversal.com.co/deportes/beisbol/peloteros-se-van-para-sus-casas-CE2547361¬†‚Ä¶",[],['https://www.eluniversal.com.co/deportes/beisbol/peloteros-se-van-para-sus-casas-CE2547361'],[],0,0,3,['#b√©isbol'],[],https://twitter.com/ElUniversalCtg/status/1238852386082426881,False,,0,,,,,,,"[{'user_id': '71543713', 'username': 'ElUniversalCtg'}]",,,,
1238842823287472129,1238842823287472129,1584198120000,2020-03-14,12:02:00,-03,71543713,eluniversalctg,El Universal,,"#Tecnolog√≠a La compa√±√≠a tom√≥ la decisi√≥n como parte de los esfuerzos para minimizar la transmisi√≥n del coronavirus.
 https://www.eluniversal.com.co/tecnologia/apple-cierra-sus-tiendas-en-todo-el-mundo-excepto-en-china-XG2549312¬†‚Ä¶",[],['https://www.eluniversal.com.co/tecnologia/apple-cierra-sus-tiendas-en-todo-el-mundo-excepto-en-china-XG2549312'],[],0,1,3,['#tecnolog√≠a'],[],https://twitter.com/ElUniversalCtg/status/1238842823287472129,False,,0,,,,,,,"[{'user_id': '71543713', 'username': 'ElUniversalCtg'}]",,,,
1238835779079557125,1238835779079557125,1584196440000,2020-03-14,11:34:00,-03,71543713,eluniversalctg,El Universal,,#√öltimaHora Suben a 22 los casos de coronavirus en Colombia ‚û°Ô∏è  https://bit.ly/2U8uSAi¬† pic.twitter.com/qmtnP6RvLG,[],['https://bit.ly/2U8uSAi'],['https://pbs.twimg.com/media/ETE6kPsWsAExHL8.jpg'],2,2,9,['#√∫ltimahora'],[],https://twitter.com/ElUniversalCtg/status/1238835779079557125,False,,0,,,,,,,"[{'user_id': '71543713', 'username': 'ElUniversalCtg'}]",,,,
1238716872566210560,1238716872566210560,1584168091000,2020-03-14,03:41:31,-03,71543713,eluniversalctg,El Universal,,Colombia expulsa a espa√±ol por incumplir cuarentena por el coronavirus  http://www.eluniversal.com.co/colombia/colombia-expulsa-a-espanol-por-incumplir-cuarentena-por-el-coronavirus-GH2548697¬†‚Ä¶,[],['http://www.eluniversal.com.co/colombia/colombia-expulsa-a-espanol-por-incumplir-cuarentena-por-el-coronavirus-GH2548697'],[],0,1,13,[],[],https://twitter.com/ElUniversalCtg/status/1238716872566210560,False,,0,,,,,,,"[{'user_id': '71543713', 'username': 'ElUniversalCtg'}]",,,,
1238644905192361984,1238644905192361984,1584150932000,2020-03-13,22:55:32,-03,71543713,eluniversalctg,El Universal,,"Cartagena se paraliza poco a poco por la amenaza de una mayor propagaci√≥n del coronavirus.
 https://www.eluniversal.com.co/deportes/asi-afecta-el-coronavirus-las-jornadas-recreativas-del-ider-IE2547912¬†‚Ä¶",[],['https://www.eluniversal.com.co/deportes/asi-afecta-el-coronavirus-las-jornadas-recreativas-del-ider-IE2547912'],[],2,2,2,[],[],https://twitter.com/ElUniversalCtg/status/1238644905192361984,False,,0,,,,,,,"[{'user_id': '71543713', 'username': 'ElUniversalCtg'}]",,,,
1238644476027064321,1238644476027064321,1584150830000,2020-03-13,22:53:50,-03,71543713,eluniversalctg,El Universal,,As√≠ afecta el coronavirus las jornadas recreativas del Ider  http://www.eluniversal.com.co/deportes/asi-afecta-el-coronavirus-las-jornadas-recreativas-del-ider-IE2547912¬†‚Ä¶,[],['http://www.eluniversal.com.co/deportes/asi-afecta-el-coronavirus-las-jornadas-recreativas-del-ider-IE2547912'],[],0,1,2,[],[],https://twitter.com/ElUniversalCtg/status/1238644476027064321,False,,0,,,,,,,"[{'user_id': '71543713', 'username': 'ElUniversalCtg'}]",,,,
1238598215081091072,1238598215081091072,1584139801000,2020-03-13,19:50:01,-03,71543713,eluniversalctg,El Universal,,"#Cartagena Por coronavirus, Punto de Atenci√≥n a V√≠ctimas suspende sus servicios
 https://www.eluniversal.com.co/cartagena/por-coronavirus-punto-de-atencion-a-victimas-suspende-sus-servicios-KF2546792¬†‚Ä¶",[],['https://www.eluniversal.com.co/cartagena/por-coronavirus-punto-de-atencion-a-victimas-suspende-sus-servicios-KF2546792'],[],0,1,4,['#cartagena'],[],https://twitter.com/ElUniversalCtg/status/1238598215081091072,False,,0,,,,,,,"[{'user_id': '71543713', 'username': 'ElUniversalCtg'}]",,,,
1238595694497132546,1238595694497132546,1584139200000,2020-03-13,19:40:00,-03,71543713,eluniversalctg,El Universal,,"#Cartagena Los adultos mayores de la ciudad que asisten a los centros de vida, esperan que el coronavirus no cause estragos en ellos.
 https://www.eluniversal.com.co/cartagena/estamos-acatando-todas-las-ordenes-abuelitos-DA2543948¬†‚Ä¶",[],['https://www.eluniversal.com.co/cartagena/estamos-acatando-todas-las-ordenes-abuelitos-DA2543948'],[],1,1,6,['#cartagena'],[],https://twitter.com/ElUniversalCtg/status/1238595694497132546,False,,0,,,,,,,"[{'user_id': '71543713', 'username': 'ElUniversalCtg'}]",,,,
1238590661298814978,1238590661298814978,1584138000000,2020-03-13,19:20:00,-03,71543713,eluniversalctg,El Universal,,"#Colombia C√°rceles colombianas no reportan casos de coronavirus
 https://www.eluniversal.com.co/colombia/carceles-colombianas-no-reportan-casos-de-coronavirus-LF2546638¬†‚Ä¶",[],['https://www.eluniversal.com.co/colombia/carceles-colombianas-no-reportan-casos-de-coronavirus-LF2546638'],[],0,0,2,['#colombia'],[],https://twitter.com/ElUniversalCtg/status/1238590661298814978,False,,0,,,,,,,"[{'user_id': '71543713', 'username': 'ElUniversalCtg'}]",,,,
1238588144670269440,1238588144670269440,1584137400000,2020-03-13,19:10:00,-03,71543713,eluniversalctg,El Universal,,"#Colombia La cumbre ser√° para tomar acciones que permitan enfrentar la propagaci√≥n del coronavirus en el pa√≠s.
 https://www.eluniversal.com.co/colombia/covid-19-duque-hara-cumbre-de-alcaldes-y-gobernadores-BF2546003¬†‚Ä¶",[],['https://www.eluniversal.com.co/colombia/covid-19-duque-hara-cumbre-de-alcaldes-y-gobernadores-BF2546003'],[],0,1,2,['#colombia'],[],https://twitter.com/ElUniversalCtg/status/1238588144670269440,False,,0,,,,,,,"[{'user_id': '71543713', 'username': 'ElUniversalCtg'}]",,,,
1238583111543189504,1238583111543189504,1584136200000,2020-03-13,18:50:00,-03,71543713,eluniversalctg,El Universal,,"#Mundo El Salvador a√∫n no reporta el primer contagio de coronavirus.
 https://www.eluniversal.com.co/mundo/el-salvador-recomienda-a-sus-ciudadanos-en-el-extranjero-posponer-retorno-IF2546309¬†‚Ä¶",[],['https://www.eluniversal.com.co/mundo/el-salvador-recomienda-a-sus-ciudadanos-en-el-extranjero-posponer-retorno-IF2546309'],[],2,0,7,['#mundo'],[],https://twitter.com/ElUniversalCtg/status/1238583111543189504,False,,0,,,,,,,"[{'user_id': '71543713', 'username': 'ElUniversalCtg'}]",,,,
1238570989073686530,1238570989073686530,1584133309000,2020-03-13,18:01:49,-03,71543713,eluniversalctg,El Universal,,"#Pol√≠tica El Concejo Distrital de Cartagena tambi√©n acogi√≥ recomendaciones para evitar la propagaci√≥n del coronavirus.
 https://www.eluniversal.com.co/politica/7-medidas-al-interior-del-concejo-de-cartagena-por-el-coronavirus-GF2546495¬†‚Ä¶",[],['https://www.eluniversal.com.co/politica/7-medidas-al-interior-del-concejo-de-cartagena-por-el-coronavirus-GF2546495'],[],0,0,1,['#pol√≠tica'],[],https://twitter.com/ElUniversalCtg/status/1238570989073686530,False,,0,,,,,,,"[{'user_id': '71543713', 'username': 'ElUniversalCtg'}]",,,,
1238542846359154690,1238542846359154690,1584126600000,2020-03-13,16:10:00,-03,71543713,eluniversalctg,El Universal,,"#Deportes El coronavirus tambi√©n ha hecho que el f√∫tbol y b√©isbol local aplacen sus respectivas inauguraciones.
 https://www.eluniversal.com.co/deportes/deporte-en-cartagena-toma-medidas-de-prevencion-por-coronavirus-XD2544374¬†‚Ä¶",[],['https://www.eluniversal.com.co/deportes/deporte-en-cartagena-toma-medidas-de-prevencion-por-coronavirus-XD2544374'],[],0,0,0,['#deportes'],[],https://twitter.com/ElUniversalCtg/status/1238542846359154690,False,,0,,,,,,,"[{'user_id': '71543713', 'username': 'ElUniversalCtg'}]",,,,
1238540332339474433,1238540332339474433,1584126000000,2020-03-13,16:00:00,-03,71543713,eluniversalctg,El Universal,,"#Deportes La pelea por el t√≠tulo pluma de la OMB entre el arjonero y el norteamericano fue cancelada debido al coronavirus.
 https://www.eluniversal.com.co/deportes/coronavirus-esta-vez-no-se-pudo-dice-miguel-marriaga-FC2545052¬†‚Ä¶",[],['https://www.eluniversal.com.co/deportes/coronavirus-esta-vez-no-se-pudo-dice-miguel-marriaga-FC2545052'],[],0,1,4,['#deportes'],[],https://twitter.com/ElUniversalCtg/status/1238540332339474433,False,,0,,,,,,,"[{'user_id': '71543713', 'username': 'ElUniversalCtg'}]",,,,
1238529294844022786,1238529294844022786,1584123369000,2020-03-13,15:16:09,-03,71543713,eluniversalctg,El Universal,,#Atenci√≥n Prohibici√≥n de parrillero en moto y otras medidas para frenar coronavirus  http://www.eluniversal.com.co/cartagena/prohibicion-de-parrillero-en-moto-y-otras-medidas-para-frenar-coronavirus-XF2546033¬†‚Ä¶,[],['http://www.eluniversal.com.co/cartagena/prohibicion-de-parrillero-en-moto-y-otras-medidas-para-frenar-coronavirus-XF2546033'],[],15,6,24,['#atenci√≥n'],[],https://twitter.com/ElUniversalCtg/status/1238529294844022786,False,,0,,,,,,,"[{'user_id': '71543713', 'username': 'ElUniversalCtg'}]",,,,
1238497949568700420,1238497949568700420,1584115896000,2020-03-13,13:11:36,-03,71543713,eluniversalctg,El Universal,,"#Mundo Bolsonaro  desminti√≥ que este habr√≠a dado positivo en la primera prueba. #Coronavirus
 https://www.eluniversal.com.co/mundo/bolsonaro-afirma-que-no-tiene-coronavirus-MC2545529¬†‚Ä¶",[],['https://www.eluniversal.com.co/mundo/bolsonaro-afirma-que-no-tiene-coronavirus-MC2545529'],[],0,1,2,"['#mundo', '#coronavirus']",[],https://twitter.com/ElUniversalCtg/status/1238497949568700420,False,,0,,,,,,,"[{'user_id': '71543713', 'username': 'ElUniversalCtg'}]",,,,
1238487482208927745,1238487482208927745,1584113400000,2020-03-13,12:30:00,-03,71543713,eluniversalctg,El Universal,,"#Mundo Ayer se conoci√≥ que el jefe de prensa del presidente brasile√±o dio positivo de coronavirus.
 https://www.eluniversal.com.co/mundo/bolsonaro-podria-tener-coronavirus-NC2545348¬†‚Ä¶",[],['https://www.eluniversal.com.co/mundo/bolsonaro-podria-tener-coronavirus-NC2545348'],[],1,0,1,['#mundo'],[],https://twitter.com/ElUniversalCtg/status/1238487482208927745,False,,0,,,,,,,"[{'user_id': '71543713', 'username': 'ElUniversalCtg'}]",,,,
1238478366283567109,1238478366283567109,1584111226000,2020-03-13,11:53:46,-03,71543713,eluniversalctg,El Universal,,Paciente con coronavirus en Cartagena presenta discreta mejor√≠a  http://www.eluniversal.com.co/cartagena/paciente-con-coronavirus-en-cartagena-presenta-discreta-mejoria-NC2545384¬†‚Ä¶,[],['http://www.eluniversal.com.co/cartagena/paciente-con-coronavirus-en-cartagena-presenta-discreta-mejoria-NC2545384'],[],0,1,4,[],[],https://twitter.com/ElUniversalCtg/status/1238478366283567109,False,,0,,,,,,,"[{'user_id': '71543713', 'username': 'ElUniversalCtg'}]",,,,
1238470114846130177,1238470114846130177,1584109259000,2020-03-13,11:20:59,-03,71543713,eluniversalctg,El Universal,,#√öltimaHora Ya son 13 las personas confirmadas con coronavirus. ‚û°Ô∏è  https://bit.ly/2WhlH3c¬† pic.twitter.com/9aT74uRRme,[],['https://bit.ly/2WhlH3c'],['https://pbs.twimg.com/media/ES_t_5LWAAEgb4L.jpg'],1,2,2,['#√∫ltimahora'],[],https://twitter.com/ElUniversalCtg/status/1238470114846130177,False,,0,,,,,,,"[{'user_id': '71543713', 'username': 'ElUniversalCtg'}]",,,,
1238324675270377472,1238324675270377472,1584074584000,2020-03-13,01:43:04,-03,71543713,eluniversalctg,El Universal,,Movilizaci√≥n del 25 de marzo se aplazar√≠a por coronavirus  http://www.eluniversal.com.co/colombia/movilizacion-del-25-de-marzo-se-aplazaria-por-coronavirus-ED2544314¬†‚Ä¶,[],['http://www.eluniversal.com.co/colombia/movilizacion-del-25-de-marzo-se-aplazaria-por-coronavirus-ED2544314'],[],1,1,3,[],[],https://twitter.com/ElUniversalCtg/status/1238324675270377472,False,,0,,,,,,,"[{'user_id': '71543713', 'username': 'ElUniversalCtg'}]",,,,
1238302345647329280,1238302345647329280,1584069260000,2020-03-13,00:14:20,-03,71543713,eluniversalctg,El Universal,,"Esposa de Trudeau, primer ministro de Canad√°, da positivo al coronavirus  http://www.eluniversal.com.co/mundo/esposa-de-trudeau-primer-ministro-de-canada-da-positivo-al-coronavirus-AD2544525¬†‚Ä¶",[],['http://www.eluniversal.com.co/mundo/esposa-de-trudeau-primer-ministro-de-canada-da-positivo-al-coronavirus-AD2544525'],[],0,2,4,[],[],https://twitter.com/ElUniversalCtg/status/1238302345647329280,False,,0,,,,,,,"[{'user_id': '71543713', 'username': 'ElUniversalCtg'}]",,,,
